NAME,PRICE,ESG_DISCLOSURE_SCORE,GROSS_PROFIT,CUR_MKT_CAP,PX_TO_TANG_BV_PER_SH,
AGILENT TECHNOLOGIES INC,0,#N/A N/A,2041,11871789630,8.868023898,N/a
ALCOA INC,0,51.65289256,4465,10075131484,1.820916602,N/a
AMERICAN AIRLINES GROUP INC,0,42.56198347,#N/A N/A,23838911885,#N/A N/A,N/a
ADVANCE AUTO PARTS INC,0,14.87603306,4422.772,10309515760,13.16313614,N/a
APPLE INC,789,#N/A N/A,93626,5.21E+11,4.37403011,N/a
ABBVIE INC,0,40.08264463,18359,85954992896,#N/A N/A,N/a
AMERISOURCEBERGEN CORP,0,15.2892562,3529.313,17589641629,#N/A N/A,N/a
ABBOTT LABORATORIES,0,52.0661157,11658,55387559553,10.03943468,N/a
ACCENTURE PLC-CL A,0,#N/A N/A,9809.239,62308335754,33.09165567,N/a
ADOBE SYSTEMS INC,0,39.25619835,4051.194,38206992305,33.93552645,N/a
ANALOG DEVICES INC,0,#N/A N/A,2259.262,15418655183,5.429775032,N/a
ARCHER-DANIELS-MIDLAND CO,0,22.72727273,4020,19364209268,1.357869876,N/a
AUTOMATIC DATA PROCESSING,0,19.83471074,4510.9,37392055448,18.38218219,N/a
ALLIANCE DATA SYSTEMS CORP,0,28.09917355,2483.4,11166911774,#N/A N/A,N/a
AUTODESK INC,0,52.89256198,2170.1,10121516392,71.20768724,N/a
ADT CORP/THE,0,24.79338843,1999,4441924707,#N/A N/A,N/a
AMEREN CORPORATION,0,36.60377358,4158,10979224610,1.66252461,N/a
AMERICAN ELECTRIC POWER,0,41.13207547,10346,29743534561,1.685524305,N/a
AES CORP,0,44.21487603,3088,6170146016,3.355837276,N/a
AETNA INC,0,23.14049587,16503.9,34625910000,9.9488309,N/a
AFLAC INC,0,30.26315789,#N/A N/A,24456393693,1.42010231,N/a
ALLERGAN PLC,0,16.52892562,6758.5,1.11E+11,#N/A N/A,N/a
AMERICAN INTERNATIONAL GROUP,0,26.31578947,#N/A N/A,65561663136,0.705756318,N/a
APARTMENT INVT & MGMT CO -A,0,16.11570248,#N/A N/A,5639068797,#N/A N/A,N/a
ASSURANT INC,0,20.61403509,#N/A N/A,4415828035,1.210496186,N/a
AKAMAI TECHNOLOGIES INC,0,33.05785124,1471.828,9032181254,4.951406227,N/a
ALLSTATE CORP,0,41.66666667,#N/A N/A,24752737708,1.432251629,N/a
ALLEGION PLC,0,11.15702479,869.1,5514936205,#N/A N/A,N/a
ALEXION PHARMACEUTICALS INC,0,15.2892562,2370.958,31790859717,#N/A N/A,N/a
APPLIED MATERIALS INC,0,#N/A N/A,3952,18322646119,5.249253136,N/a
AMETEK INC,0,18.18181818,1425.015,10854582217,#N/A N/A,N/a
AFFILIATED MANAGERS GROUP,0,14.9122807,#N/A N/A,6723281549,#N/A N/A,N/a
AMGEN INC,0,46.69421488,17435,1.10E+11,65.93285856,N/a
AMERIPRISE FINANCIAL INC,0,20.1754386,#N/A N/A,13955041694,#N/A N/A,N/a
AMERICAN TOWER CORP,0,18.59504132,#N/A N/A,36287256635,#N/A N/A,N/a
AMAZON.COM INC,0,16.94214876,35355,2.39E+11,26.94738505,N/a
AUTONATION INC,0,17.3553719,3261.5,5163947668,10.36380543,N/a
ANTHEM INC,0,22.31404959,18039.6,31722556094,#N/A N/A,N/a
AON PLC,0,19.83471074,#N/A N/A,25693398373,#N/A N/A,N/a
APACHE CORP,0,35.6846473,4783,13808857849,1.420390769,N/a
ANADARKO PETROLEUM CORP,0,31.12033195,421,19212877415,2.961295858,N/a
AIR PRODUCTS & CHEMICALS INC,0,#N/A N/A,2950.8,28110024165,4.879619748,N/a
AMPHENOL CORP-CL A,0,15.2892562,1779.5,15271262375,27.98982812,N/a
AIRGAS INC,0,21.07438017,2949.01,10147230468,28.39526804,N/a
ACTIVISION BLIZZARD INC,0,12.80991736,3079,20560890143,50.02650777,N/a
AVALONBAY COMMUNITIES INC,0,32.6446281,#N/A N/A,22505348402,#N/A N/A,N/a
BROADCOM LTD,0,#N/A N/A,3553,50052566045,#N/A N/A,N/a
AVERY DENNISON CORP,0,36.7768595,1645.8,5828723107,24.94104644,N/a
AMERICAN EXPRESS CO,0,23.68421053,#N/A N/A,51830390305,2.91585942,N/a
AUTOZONE INC,0,16.52892562,5327.031,22040584224,#N/A N/A,N/a
BOEING CO/THE,0,35.12396694,14026,71967790184,#N/A N/A,N/a
BANK OF AMERICA CORP,0,60.0877193,#N/A N/A,1.24E+11,0.773328214,N/a
BAXTER INTERNATIONAL INC,0,57.85123967,4146,20026317997,5.416407948,N/a
BED BATH & BEYOND INC,0,19.61722488,4619.779,7024445232,3.379421778,N/a
BB&T CORP,0,14.9122807,#N/A N/A,24637137000,1.593059823,N/a
BEST BUY CO INC,0,48.80382775,9047,9637278751,2.305098134,N/a
CR BARD INC,0,21.90082645,2114.8,13545082760,#N/A N/A,N/a
BECTON DICKINSON AND CO,0,#N/A N/A,4695,29614068500,#N/A N/A,N/a
FRANKLIN RESOURCES INC,0,18.42105263,#N/A N/A,19154318138,2.017914381,N/a
BROWN-FORMAN CORP-CLASS B,0,33.05785124,2183,20369853917,104.4609634,N/a
BAKER HUGHES INC,0,76.03305785,1240,17399858333,1.788452975,N/a
BIOGEN INC,0,48.76033058,9523.4,54060269097,20.59617069,N/a
BANK OF NEW YORK MELLON CORP,0,66.22807018,#N/A N/A,36974586187,2.617979014,N/a
BLACKROCK INC,0,16.22807018,#N/A N/A,50967952589,#N/A N/A,N/a
BALL CORP,0,19.83471074,1536.7,9237504380,#N/A N/A,N/a
BRISTOL-MYERS SQUIBB CO,0,44.21487603,12651,1.01E+11,15.18079486,N/a
BERKSHIRE HATHAWAY INC-CL B,0,13.63636364,45079,3.17E+11,#N/A Field Not Applicable,N/a
BOSTON SCIENTIFIC CORP,0,28.51239669,5304,22384045482,#N/A N/A,N/a
BORGWARNER INC,0,20.24793388,1703.1,6939588878,5.547792292,N/a
BAXALTA INC,0,7.851239669,3519,26268047625,14.51604509,N/a
BOSTON PROPERTIES INC,0,18.59504132,#N/A N/A,16679918902,#N/A N/A,N/a
CITIGROUP INC,0,53.50877193,#N/A N/A,1.12E+11,0.61906652,N/a
CA INC,0,55.37190083,3627,11544329311,#N/A N/A,N/a
CONAGRA FOODS INC,0,47.52066116,3308.5,18059787824,#N/A N/A,N/a
CARDINAL HEALTH INC,0,15.2892562,5712,25967586525,#N/A N/A,N/a
CAMERON INTERNATIONAL CORP,0,32.23140496,2656,12331313700,5.572617474,N/a
CATERPILLAR INC,0,42.97520661,12682,36768064533,6.843118926,N/a
CHUBB LTD,0,22.36842105,#N/A N/A,52712104428,1.581990711,N/a
CBRE GROUP INC - A,0,37.19008264,3772.878,8133612707,#N/A N/A,N/a
CBS CORP-CLASS B NON VOTING,0,15.2892562,2417,20542976785,#N/A N/A,N/a
COCA-COLA ENTERPRISES,0,58.26446281,2570,10955429737,#N/A N/A,N/a
CROWN CASTLE INTL CORP,0,11.15702479,#N/A N/A,27746438096,#N/A N/A,N/a
CARNIVAL CORP,0,51.65289256,6267,34569691502,1.742269173,N/a
CELGENE CORP,0,44.62809917,8835.9,80081531611,#N/A N/A,N/a
CERNER CORP,0,16.52892562,2798.326,18781549512,10.43483763,N/a
CF INDUSTRIES HOLDINGS INC,0,21.07438017,1778.5,6992260080,4.533311126,N/a
CITIZENS FINANCIAL GROUP,0,11.84210526,#N/A N/A,9967056677,0.796107851,N/a
CHURCH & DWIGHT CO INC,0,18.59504132,1511.8,11614866748,#N/A N/A,N/a
CHESAPEAKE ENERGY CORP,0,31.95020747,14771,1057462423,#N/A N/A,N/a
C.H. ROBINSON WORLDWIDE INC,0,14.87603306,1217.07,10076719967,#N/A N/A,N/a
CIGNA CORP,0,37.19008264,12395,33565270618,5.556463428,N/a
CINCINNATI FINANCIAL CORP,0,19.73684211,#N/A N/A,10121131184,1.593374185,N/a
COLGATE-PALMOLIVE CO,0,36.7768595,9399,58927779145,#N/A N/A,N/a
CLOROX COMPANY,0,33.05785124,2465,16509486850,#N/A N/A,N/a
COMERICA INC,0,44.29824561,#N/A N/A,5818110110,0.836485542,N/a
COMCAST CORP-CLASS A,0,23.55371901,51960,1.39E+11,#N/A N/A,N/a
CME GROUP INC,0,15.2892562,#N/A N/A,30830247040,#N/A N/A,N/a
CHIPOTLE MEXICAN GRILL INC,0,19.13875598,1174.287,14438365223,6.978874095,N/a
CUMMINS INC,0,44.21487603,4947,16910860517,2.563499602,N/a
CMS ENERGY CORP,0,24.90566038,3413,10893650022,4.114949856,N/a
CENTERPOINT ENERGY INC,0,16.98113208,4305,7731811572,2.402675732,N/a
CONSOL ENERGY INC,0,38.01652893,694.154,1784332498,0.379481549,N/a
CAPITAL ONE FINANCIAL CORP,0,41.22807018,#N/A N/A,33274110060,1.117497204,N/a
CABOT OIL & GAS CORP,0,20.74688797,830.756,8174024436,#N/A N/A,N/a
COACH INC,0,17.22488038,2908.6,9588849026,5.388581434,N/a
ROCKWELL COLLINS INC,0,26.03305785,1614,10615088935,#N/A N/A,N/a
CONOCOPHILLIPS,0,55.18672199,108,40619721504,#N/A N/A,N/a
COSTCO WHOLESALE CORP,0,#N/A N/A,15134,65372891483,#N/A N/A,N/a
CAMPBELL SOUP CO,0,18.18181818,2805,18056178591,#N/A N/A,N/a
COLUMBIA PIPELINE GROUP,0,#N/A N/A,410.5,6334814178,8.32924355,N/a
SALESFORCE.COM INC,0,30.99173554,4084.316,39627520000,185.3294806,N/a
CISCO SYSTEMS INC,0,49.58677686,29681,1.27E+11,3.793688754,N/a
CSRA INC,0,#N/A N/A,787.445,4187503265,#N/A N/A,N/a
CSX CORP,0,54.54545455,#N/A N/A,23298598766,2.015340769,N/a
CINTAS CORP,0,12.80991736,1921.337,8975908904,15.45178094,N/a
CENTURYLINK INC,0,44.03292181,10122,15707010305,#N/A N/A,N/a
COGNIZANT TECH SOLUTIONS-A,0,45.8677686,4975.8,32756667657,5.45117665,N/a
CITRIX SYSTEMS INC,0,16.52892562,2661.23,9892450187,#N/A N/A,N/a
CABLEVISION SYSTEMS-NY GRP-A,0,14.04958678,3324.138,8974015428,#N/A N/A,N/a
CVS HEALTH CORP,0,43.38842975,26528,1.05E+11,#N/A N/A,N/a
CHEVRON CORP,0,52.28215768,-370,1.61E+11,1.069572365,N/a
DOMINION RESOURCES INC/VA,0,46.79245283,8077,41042299073,4.411626312,N/a
DELTA AIR LINES INC,0,47.9338843,#N/A N/A,33468085617,#N/A N/A,N/a
DU PONT (E.I.) DE NEMOURS,0,64.46280992,10018,50906170400,37.30693998,N/a
DEERE & CO,0,#N/A N/A,8719.6,24750856707,4.163242764,N/a
DISCOVER FINANCIAL SERVICES,0,16.22807018,#N/A N/A,19031578865,1.731242185,N/a
DOLLAR GENERAL CORP,0,19.13875598,5802.507,20499245575,#N/A N/A,N/a
QUEST DIAGNOSTICS INC,0,39.66942149,2836,8873346740,#N/A N/A,N/a
DR HORTON INC,0,16.11570248,2348.6,8952099307,1.498793513,N/a
DANAHER CORP,0,16.52892562,10762.5,58194428865,#N/A N/A,N/a
WALT DISNEY CO/THE,0,#N/A N/A,24101,1.49E+11,17.148628,N/a
DISCOVERY COMMUNICATIONS-A,0,14.04958678,4141,16077250275,#N/A N/A,N/a
DISCOVERY COMMUNICATIONS-C,0,14.04958678,4141,16077250275,#N/A N/A,N/a
DELPHI AUTOMOTIVE PLC,0,23.14049587,3010,16996161890,#N/A N/A,N/a
DOLLAR TREE INC,0,16.26794258,3034,17663699093,#N/A N/A,N/a
DUN & BRADSTREET CORP,0,17.3553719,1092.4,3448902391,#N/A N/A,N/a
DIAMOND OFFSHORE DRILLING,0,16.11570248,640.317,2320725306,#N/A N/A,N/a
DOVER CORP,0,20.24793388,2568.144,9175006800,#N/A N/A,N/a
DOW CHEMICAL CO/THE,0,57.43801653,10942,51398343732,9.514163009,N/a
DR PEPPER SNAPPLE GROUP INC,0,22.72727273,3630,17372404690,#N/A N/A,N/a
DARDEN RESTAURANTS INC,0,30.14354067,1422.5,7523632991,13.86078253,N/a
DTE ENERGY COMPANY,0,33.96226415,4775,15025699325,2.256043011,N/a
DUKE ENERGY CORP,0,50.18867925,15458,52478612979,2.230149597,N/a
DAVITA HEALTHCARE PARTNERS I,0,20.24793388,3957.003,13200160000,#N/A N/A,N/a
DEVON ENERGY CORP,0,23.65145228,4631,8914590000,1.544186769,N/a
ELECTRONIC ARTS INC,0,15.2892562,3086,18326586098,14.8125,N/a
EBAY INC,0,26.44628099,6821,26509079431,13.08509078,N/a
ECOLAB INC,0,54.1322314,6601.4,31488213165,#N/A N/A,N/a
CONSOLIDATED EDISON INC,0,36.22641509,8406,20734556486,1.643948993,N/a
EQUIFAX INC,0,16.52892562,1776.2,11547818584,#N/A N/A,N/a
EDISON INTERNATIONAL,0,33.20754717,7820,20122100083,#N/A N/A,N/a
ESTEE LAUDER COMPANIES-CL A,0,28.51239669,8679.8,32548960513,15.24782138,N/a
EMC CORP/MA,0,46.69421488,14991,46805690836,24.66311855,N/a
EASTMAN CHEMICAL CO,0,47.9338843,2580,9014532588,#N/A N/A,N/a
EMERSON ELECTRIC CO,0,25.20661157,9048,29596188748,#N/A N/A,N/a
ENDO INTERNATIONAL PLC,0,14.04958678,1476.633,11342847741,#N/A N/A,N/a
EOG RESOURCES INC,0,23.65145228,9438.49,37216959778,#N/A N/A,N/a
EQUINIX INC,0,16.11570248,1245.891,17653691401,42.7583608,N/a
EQUITY RESIDENTIAL,0,22.31404959,#N/A N/A,25968227572,2.492398793,N/a
EQT CORP,0,49.79253112,1602.686,9018294480,1.775864157,N/a
EVERSOURCE ENERGY,0,49.43396226,4867.922,16972903734,2.505214841,N/a
EXPRESS SCRIPTS HOLDING CO,0,14.04958678,7925.1,45540425840,#N/A N/A,N/a
ESSEX PROPERTY TRUST INC,0,12.80991736,#N/A N/A,12912511276,#N/A N/A,N/a
ENSCO PLC-CL A,0,16.11570248,1949.7,1973281355,0.226197104,N/a
E*TRADE FINANCIAL CORP,0,14.9122807,#N/A N/A,6196272883,1.607550283,N/a
EATON CORP PLC,0,38.01652893,6563,25083760000,#N/A N/A,N/a
ENTERGY CORP,0,34.33962264,7946.949,12565566192,1.431165591,N/a
EDWARDS LIFESCIENCES CORP,0,15.70247934,1876.5,17481110684,10.47150988,N/a
EXELON CORP,0,60.75471698,16363,28020907641,1.212023665,N/a
EXPEDITORS INTL WASH INC,0,19.00826446,866.806,8519090095,4.646654354,N/a
EXPEDIA INC,0,12.80991736,5362.758,15396851524,#N/A N/A,N/a
EXTRA SPACE STORAGE INC,0,11.15702479,#N/A N/A,10048158230,#N/A N/A,N/a
FORD MOTOR CO,0,51.23966942,23063,45847878095,#N/A N/A,N/a
FASTENAL CO,0,19.00826446,1948.934,12412898777,6.919264959,N/a
FACEBOOK INC-A,0,25.61983471,15061,2.90E+11,12.64788879,N/a
FREEPORT-MCMORAN INC,0,49.17355372,-12647,6391962278,#N/A N/A,N/a
FEDEX CORP,0,21.07438017,10748,35444120636,3.180285545,N/a
FIRSTENERGY CORP,0,23.01886792,8053,13909613792,2.240234215,N/a
F5 NETWORKS INC,0,#N/A N/A,1587.562,6038630357,8.546160011,N/a
FIDELITY NATIONAL INFO SERV,0,12.80991736,2202,16243584940,#N/A N/A,N/a
FISERV INC,0,14.04958678,2345,21270096437,#N/A N/A,N/a
FIFTH THIRD BANCORP,0,20.1754386,#N/A N/A,11811704795,0.966402277,N/a
FLIR SYSTEMS INC,0,14.04958678,753.561,4109278032,4.506296133,N/a
FLUOR CORP,0,33.47107438,1399.033,6179968889,#N/A N/A,N/a
FLOWSERVE CORP,0,20.24793388,1714.617,5342077805,24.44333713,N/a
FMC CORP,0,34.29752066,1075.4,4682149815,15.86082318,N/a
TWENTY-FIRST CENTURY FOX - B,0,15.2892562,#N/A N/A,47181935024,#N/A N/A,N/a
TWENTY-FIRST CENTURY FOX-A,0,15.2892562,#N/A N/A,47181935024,#N/A N/A,N/a
FEDERAL REALTY INVS TRUST,0,15.2892562,#N/A N/A,10094466595,6.08851869,N/a
FIRST SOLAR INC,0,20.24793388,827.105,6155117814,1.18565355,N/a
FMC TECHNOLOGIES INC,0,14.04958678,1942.8,5270907195,3.044318069,N/a
FRONTIER COMMUNICATIONS CORP,0,17.69547325,4307.095,4953218880,#N/A N/A,N/a
AGL RESOURCES INC,0,15.8490566,2296,7780438925,3.876406152,N/a
GENERAL DYNAMICS CORP,0,19.00826446,6130,40507044426,#N/A N/A,N/a
GENERAL ELECTRIC CO,0,56.19834711,27560,2.67E+11,13.89136824,N/a
GENERAL GROWTH PROPERTIES,0,37.60330579,#N/A N/A,22556567420,#N/A N/A,N/a
GILEAD SCIENCES INC,0,14.04958678,28633,1.29E+11,16.5259464,N/a
GENERAL MILLS INC,0,#N/A N/A,5949.2,33755407688,#N/A N/A,N/a
CORNING INC,0,22.31404959,3653,20465076200,1.442903715,N/a
GENERAL MOTORS CO,0,47.10743802,24035,42797890168,1.225238729,N/a
KEURIG GREEN MOUNTAIN INC,0,14.46280992,1607.524,13461910206,9.710884576,N/a
GAMESTOP CORP-CLASS A,0,17.22488038,2775.9,2824005503,16.55088861,N/a
ALPHABET INC-CL C,0,29.75206612,46825,4.77E+11,#N/A Field Not Applicable,N/a
ALPHABET INC-CL A,0,29.75206612,46825,4.77E+11,4.829095441,N/a
GENUINE PARTS CO,0,16.11570248,4593.761,13246056861,7.236878612,N/a
GAP INC/THE,0,49.76076555,6289,9537137664,#N/A N/A,N/a
GARMIN LTD,0,18.59504132,1604.412,6540151120,2.170041458,N/a
GOLDMAN SACHS GROUP INC,0,45.1754386,#N/A N/A,65077991441,0.864445457,N/a
GOODYEAR TIRE & RUBBER CO,0,31.81818182,4279,7928491558,2.456532427,N/a
WW GRAINGER INC,0,24.79338843,4231.428,13254029953,12.36604631,N/a
HALLIBURTON CO,0,43.80165289,2520,24986336115,1.866109528,N/a
HARMAN INTERNATIONAL,0,18.59504132,1817.104,4995625226,8.55490095,N/a
HASBRO INC,0,12.80991736,2770.476,8733618664,13.22452336,N/a
HUNTINGTON BANCSHARES INC,0,17.10526316,#N/A N/A,6723805674,1.227722363,N/a
HANESBRANDS INC,0,28.51239669,2136.332,10410612814,#N/A N/A,N/a
HCA HOLDINGS INC,0,15.2892562,#N/A N/A,26910144877,#N/A N/A,N/a
WELLTOWER INC,0,36.36363636,#N/A N/A,19251045344,1.553396538,N/a
HCP INC,0,41.73553719,#N/A N/A,12224863414,1.315327371,N/a
HOME DEPOT INC,0,27.27272727,28954,1.47E+11,26.77809724,N/a
HESS CORP,0,72.61410788,3167,12624834882,0.577870812,N/a
HARTFORD FINANCIAL SVCS GRP,0,15.78947368,#N/A N/A,16707988066,0.955985906,N/a
HARLEY-DAVIDSON INC,0,38.01652893,2232.665,7428824117,2.96511797,N/a
HONEYWELL INTERNATIONAL INC,0,25.20661157,11834,79609534727,#N/A N/A,N/a
STARWOOD HOTELS & RESORTS,0,34.7107438,1564,10817338009,#N/A N/A,N/a
HELMERICH & PAYNE,0,16.94214876,854.286,5120782499,#N/A N/A,N/a
HEWLETT PACKARD ENTERPRIS,0,5.371900826,14939,21381039231,#N/A N/A,N/a
HP INC,0,53.71900826,24759,16265114743,#N/A N/A,N/a
H&R BLOCK INC,0,12.80991736,1448.168,7956233123,#N/A N/A,N/a
HORMEL FOODS CORP,0,#N/A N/A,1808.581,21930985420,14.90258721,N/a
HARRIS CORP,0,19.00826446,1721,8982579995,#N/A N/A,N/a
HENRY SCHEIN INC,0,20.24793388,3012.259,13027971299,34.1503398,N/a
HOST HOTELS & RESORTS INC,0,28.51239669,#N/A N/A,10838226568,#N/A N/A,N/a
HERSHEY CO/THE,0,40.90909091,3382.675,19446357575,#N/A N/A,N/a
HUMANA INC,0,19.00826446,10020,23770671173,3.358416665,N/a
INTL BUSINESS MACHINES CORP,0,49.58677686,40684,1.17E+11,#N/A N/A,N/a
INTERCONTINENTAL EXCHANGE IN,0,14.04958678,#N/A N/A,28090784811,#N/A N/A,N/a
INTL FLAVORS & FRAGRANCES,0,41.73553719,1351.599,8566710131,25.09891831,N/a
ILLUMINA INC,0,12.80991736,1549.29,20894208000,25.40937851,N/a
INTEL CORP,0,61.98347107,34679,1.35E+11,2.892997348,N/a
INTUIT INC,0,25.20661157,3467,24964252282,#N/A N/A,N/a
INTERNATIONAL PAPER CO,0,51.23966942,5323,14161606056,24.16639279,N/a
INTERPUBLIC GROUP OF COS INC,0,21.07438017,#N/A N/A,8289499547,#N/A N/A,N/a
INGERSOLL-RAND PLC,0,52.89256198,3999.1,13181436691,#N/A N/A,N/a
IRON MOUNTAIN INC,0,29.33884298,1773.057,5785590090,#N/A N/A,N/a
INTUITIVE SURGICAL INC,0,16.52892562,1577.9,19859394627,4.972938506,N/a
ILLINOIS TOOL WORKS,0,30.16528926,5517,33422902496,#N/A N/A,N/a
INVESCO LTD,0,22.36842105,#N/A N/A,11232350950,31.58703867,N/a
HUNT (JB) TRANSPRT SVCS INC,0,11.98347107,925.577,8529826860,#N/A N/A,N/a
JOHNSON CONTROLS INC,0,#N/A N/A,6447,22565069958,11.25439943,N/a
JACOBS ENGINEERING GROUP INC,0,#N/A N/A,1968.338,4421135646,4.919479935,N/a
JOHNSON & JOHNSON,0,57.02479339,48538,2.82E+11,11.60145553,N/a
JUNIPER NETWORKS INC,0,21.07438017,3078.6,8427012769,5.404699679,N/a
JPMORGAN CHASE & CO,0,42.10526316,#N/A N/A,2.12E+11,1.216265534,N/a
NORDSTROM INC,0,28.22966507,5100,8992982021,9.435914643,N/a
KELLOGG CO,2.98,36.36363636,4681,26569195194,#N/A N/A,https://lh3.googleusercontent.com/oS_w36bVVFnoXyfpLhKPH0ZhWWl2TlNbMH19-00W5Ot446-sYbDzh5WxG3cACnlRMQUy7HyINC8Jldjgjpvjj54X9RY=s192
KEYCORP,0,34.64912281,#N/A N/A,8674435225,0.939559297,n/a
KRAFT HEINZ CO/THE,0,5.371900826,8976,87271735095,#N/A N/A,n/a
KIMCO REALTY CORP,0,52.89256198,#N/A N/A,10865927813,#N/A N/A,n/a
KLA-TENCOR CORP,0,22.72727273,1598.82,9929847386,422.7985833,n/a
KIMBERLY-CLARK CORP,0,61.98347107,6624,46422529311,#N/A N/A,n/a
KINDER MORGAN INC,0,21.48760331,7512,33383459837,2.925038507,n/a
CARMAX INC,0,17.3553719,1887.527,8539670362,#N/A N/A,n/a
COCA-COLA CO/THE,0,33.47107438,26812,1.87E+11,131.0883563,n/a
MICHAEL KORS HOLDINGS LTD,0,20.57416268,2647.651,8894392985,4.715470487,n/a
KROGER CO,0,32.23140496,22953,37361123582,11.47405695,n/a
KOHLS CORP,0,43.06220096,6925,7746564035,#N/A N/A,n/a
KANSAS CITY SOUTHERN,0,27.27272727,#N/A N/A,8614800909,2.210992298,n/a
LOEWS CORP,0,18.42105263,#N/A N/A,12706726281,0.69585475,n/a
L BRANDS INC,0,28.22966507,4808,23695993346,#N/A N/A,n/a
LEGGETT & PLATT INC,0,21.07438017,923.2,5760931362,#N/A N/A,n/a
LENNAR CORP-A,0,#N/A N/A,2133.31,8151519837,1.49418064,n/a
LABORATORY CRP OF AMER HLDGS,0,16.52892562,2203.1,10425624000,#N/A N/A,n/a
L-3 COMMUNICATIONS HOLDINGS,0,17.76859504,890,9040457016,#N/A N/A,n/a
LINEAR TECHNOLOGY CORP,0,17.76859504,1119.412,9968754777,6.103326264,n/a
ELI LILLY & CO,0,59.09090909,14921.5,78972615647,12.05578297,n/a
LEGG MASON INC,0,30.26315789,#N/A N/A,2869343731,#N/A N/A,n/a
LOCKHEED MARTIN CORP,0,46.69421488,5200,63327455404,#N/A N/A,n/a
LINCOLN NATIONAL CORP,0,37.28070175,#N/A N/A,8079927954,0.701698728,n/a
LOWE'S COS INC,0,32.05741627,19558,59362835856,7.100237827,n/a
LAM RESEARCH CORP,0,18.18181818,2284.336,10494943944,2.981265114,n/a
LEUCADIA NATIONAL CORP,0,14.04958678,3043.141,5355356069,0.695617835,n/a
SOUTHWEST AIRLINES CO,0,44.62809917,#N/A N/A,23123657960,3.961695423,n/a
LEVEL 3 COMMUNICATIONS INC,0,16.94214876,5396,16623422886,13.29873827,n/a
LYONDELLBASELL INDU-CL A,0,33.88429752,7052,34364474707,6.260215779,n/a
MACY'S INC,0,28.70813397,11242,12338925474,#N/A N/A,n/a
MASTERCARD INC-CLASS A,0,19.00826446,#N/A N/A,94290612318,28.4154887,n/a
MACERICH CO/THE,0,29.75206612,#N/A N/A,11920493211,2.347578245,n/a
MARRIOTT INTERNATIONAL -CL A,0,35.95041322,1966,16404824139,#N/A N/A,n/a
MASCO CORP,0,13.63636364,2253,8622113912,#N/A N/A,n/a
MATTEL INC,0,17.76859504,2806.4,10438532977,22.09263078,n/a
MCDONALD'S CORP,0,40.19138756,9789.2,1.08E+11,18.90355195,n/a
MICROCHIP TECHNOLOGY INC,0,21.90082645,1229.564,8223475855,17.85582524,n/a
MCKESSON CORP,0,35.53719008,11411,34523490683,#N/A N/A,n/a
MOODY'S CORP,0,23.14049587,#N/A N/A,16272687000,#N/A N/A,n/a
MONDELEZ INTERNATIONAL INC-A,0,26.03305785,11512,60547281140,#N/A N/A,n/a
MEDTRONIC PLC,0,40.90909091,13952,1.03E+11,#N/A N/A,n/a
METLIFE INC,0,43.85964912,#N/A N/A,41608179184,0.729052372,n/a
MCGRAW HILL FINANCIAL INC,0,30.99173554,3424,22688456000,#N/A N/A,n/a
MOHAWK INDUSTRIES INC,0,47.9338843,2154.192,11474173040,7.403009377,n/a
MEAD JOHNSON NUTRITION CO,0,19.00826446,2616,13146792000,#N/A N/A,n/a
MCCORMICK & CO-NON VTG SHRS,0,42.14876033,1737.3,11392143043,#N/A N/A,n/a
MARTIN MARIETTA MATERIALS,0,16.52892562,721.8,8787434802,5.784710436,n/a
MARSH & MCLENNAN COS,0,19.83471074,#N/A N/A,29254030888,#N/A N/A,n/a
3M CO,0,55.78512397,14891,93151679117,#N/A N/A,n/a
MALLINCKRODT PLC,0,11.15702479,1853.6,6977891895,#N/A N/A,n/a
MONSTER BEVERAGE CORP,0,16.11570248,1339.81,24987135345,8.44224131,n/a
ALTRIA GROUP INC,0,48.76033058,11114,1.18E+11,#N/A N/A,n/a
MONSANTO CO,0,#N/A N/A,8182,38324133508,#N/A N/A,n/a
MOSAIC CO/THE,0,62.39669421,1717.9,8076120208,1.0175927,n/a
MARATHON PETROLEUM CORP,0,31.40495868,8468,16911267463,1.581760619,n/a
MERCK & CO. INC.,0,46.69421488,24564,1.37E+11,33.49428385,n/a
MARATHON OIL CORP,0,44.81327801,5411,5072678269,0.268605247,n/a
MORGAN STANLEY,0,42.98245614,#N/A N/A,44707411213,0.770078311,n/a
MICROSOFT CORP,0,35.53719008,60542,3.99E+11,7.313156693,n/a
MOTOROLA SOLUTIONS INC,0,52.89256198,2831,10907979973,#N/A N/A,n/a
M & T BANK CORP,0,16.22807018,#N/A N/A,18831203112,1.656127615,n/a
MICRON TECHNOLOGY INC,0,19.83471074,5215,10395308078,0.922481621,n/a
MURPHY OIL CORP,0,19.91701245,466.491,2888295267,#N/A N/A,n/a
MYLAN NV,0,12.80991736,4216.1,20566980454,#N/A N/A,n/a
NAVIENT CORP,0,12.71929825,#N/A N/A,3307878011,0.974425089,n/a
NOBLE ENERGY INC,0,47.71784232,2243,12297414522,1.076282469,n/a
NASDAQ INC,0,16.52892562,2090,10069341900,#N/A N/A,n/a
NEXTERA ENERGY INC,0,45.28301887,12159,51428044623,#N/A N/A,n/a
NEWMONT MINING CORP,0,64.87603306,1606,13640649253,1.203197461,n/a
NETFLIX INC,0,14.04958678,2188.035,37414298715,16.82178544,n/a
NEWFIELD EXPLORATION CO,0,19.50207469,773,3949676282,#N/A N/A,n/a
NISOURCE INC,0,36.98113208,4246.4,6781324838,3.656995229,n/a
NIKE INC -CL B,48.99,26.79425837,14067,96091634421,7.412371036,n/a
NIELSEN HOLDINGS PLC,0,23.55371901,3633,17216300077,#N/A N/A,n/a
NORTHROP GRUMMAN CORP,0,39.66942149,5642,32795958625,#N/A N/A,n/a
NATIONAL OILWELL VARCO INC,0,21.48760331,3270,10351846545,1.863939465,n/a
NRG ENERGY INC,0,34.7107438,4089,3009809222,0.70382818,n/a
NORFOLK SOUTHERN CORP,0,55.78512397,#N/A N/A,21637294117,1.772891831,n/a
NETAPP INC,0,24.79338843,3833.2,6399413400,3.348286968,n/a
NORTHERN TRUST CORP,0,40.35087719,#N/A N/A,13144874282,1.673130991,n/a
NUCOR CORP,0,22.31404959,1581.262,12794184367,2.760384622,n/a
NVIDIA CORP,0,75.20661157,2599.477,13842740000,3.766731906,n/a
NEWELL RUBBERMAID INC,0,40.49586777,2304.6,9292409000,#N/A N/A,n/a
NEWS CORP - CLASS B,0,20.24793388,#N/A N/A,6343331905,#N/A Field Not Applicable,
NEWS CORP - CLASS A,0,20.24793388,#N/A N/A,6343331905,0.955719827,n/a
REALTY INCOME CORP,0,15.2892562,#N/A N/A,15152554025,2.479761499,n/a
OWENS-ILLINOIS INC,0,19.4214876,1110,2097324690,#N/A N/A,n/a
ONEOK INC,0,40.66390041,1136.972,4223221746,#N/A N/A,n/a
OMNICOM GROUP,0,23.14049587,#N/A N/A,17573968970,#N/A N/A,n/a
ORACLE CORP,0,24.79338843,30694,1.49E+11,24.30164508,n/a
O'REILLY AUTOMOTIVE INC,0,16.11570248,4162.643,24957878125,20.53648434,n/a
OCCIDENTAL PETROLEUM CORP,0,31.95020747,6333,51216127509,#N/A N/A,n/a
PAYCHEX INC,0,14.04958678,1931.6,17664707664,13.95689096,n/a
PEOPLE'S UNITED FINANCIAL,0,14.9122807,#N/A N/A,4454951796,1.645006996,n/a
PITNEY BOWES INC,0,26.03305785,2091.26,3326207832,#N/A N/A,n/a
PACCAR INC,0,22.31404959,3121.3,17672787600,#N/A N/A,n/a
P G & E CORP,0,57.73584906,10521,27077957390,#N/A N/A,n/a
PLUM CREEK TIMBER CO,0,19.4214876,408,6269212948,#N/A N/A,n/a
PRICELINE GROUP INC/THE,0,16.52892562,7584.13,52671846053,18.07625893,n/a
PATTERSON COS INC,0,18.18181818,1238.206,4223786400,492.1107252,n/a
PUBLIC SERVICE ENTERPRISE GP,0,27.16981132,7000,21194742148,1.654377503,n/a
PEPSICO INC,0,47.52066116,34672,1.42E+11,#N/A N/A,n/a
PFIZER INC,0,42.56198347,39203,1.81E+11,#N/A N/A,n/a
PRINCIPAL FINANCIAL GROUP,0,25.87719298,#N/A N/A,10317713905,1.48482477,n/a
PROCTER & GAMBLE CO/THE,0,46.69421488,37403,2.19E+11,#N/A N/A,n/a
PROGRESSIVE CORP,0,19.73684211,#N/A N/A,18342998408,2.885403506,n/a
PARKER HANNIFIN CORP,0,16.11570248,3056.499,13138725516,14.42506639,n/a
PULTEGROUP INC,0,16.52892562,1423.166,5589865100,1.202351671,n/a
PERKINELMER INC,0,33.47107438,1024.5,4970997333,#N/A N/A,n/a
PROLOGIS INC,0,35.12396694,#N/A N/A,18902375290,1.32006552,n/a
PHILIP MORRIS INTERNATIONAL,0,34.7107438,17429,1.38E+11,#N/A N/A,n/a
PNC FINANCIAL SERVICES GROUP,0,35.96491228,#N/A N/A,41096722504,1.283632935,n/a
PENTAIR PLC,0,17.3553719,2185.8,8003259263,#N/A N/A,n/a
PINNACLE WEST CAPITAL,0,44.52830189,2311.803,7451320329,1.648951504,n/a
PEPCO HOLDINGS INC,0,26.41509434,2591,6743681109,2.291969549,n/a
PPG INDUSTRIES INC,0,26.03305785,6739,24713527176,#N/A N/A,n/a
PPL CORP,0,30.18867925,5951,24047501172,4.232627471,n/a
PERRIGO CO PLC,0,27.27272727,1436.3,20291326348,#N/A N/A,n/a
PRUDENTIAL FINANCIAL INC,0,35.96491228,#N/A N/A,27676360000,0.694731165,n/a
PUBLIC STORAGE,0,18.18181818,#N/A N/A,40450875511,8.267645159,n/a
PHILLIPS 66,0,19.83471074,10421,40114709056,2.106864886,n/a
PVH CORP,0,40.90909091,4326.7,6010746288,#N/A N/A,n/a
QUANTA SERVICES INC,0,17.3553719,1233.52,2821327887,2.021200384,n/a
PRAXAIR INC,0,45.04132231,4816,29575510134,35.419771,n/a
PIONEER NATURAL RESOURCES CO,0,18.25726141,756,18631528503,2.299327116,n/a
PAYPAL HOLDINGS INC,0,5.371900826,#N/A N/A,41937783439,4.498842592,n/a
QUALCOMM INC,0,#N/A N/A,14903,66612180539,3.248985664,n/a
QORVO INC,0,#N/A N/A,689.308,5148280546,3.244084711,n/a
RYDER SYSTEM INC,0,17.76859504,1485.5,2896151517,1.927441738,n/a
REYNOLDS AMERICAN INC,0,40.90909091,5987,68226916100,#N/A N/A,n/a
ROYAL CARIBBEAN CRUISES LTD,0,38.01652893,5069.382,15129083039,1.92783708,n/a
REGENERON PHARMACEUTICALS,0,16.52892562,3711.019,39715754836,10.85219456,n/a
REGIONS FINANCIAL CORP,0,17.98245614,#N/A N/A,9921562074,0.905410111,n/a
ROBERT HALF INTL INC,0,17.3553719,2114.471,4954504575,6.126572242,n/a
RED HAT INC,0,16.52892562,1516.29,11708098623,69.9147043,n/a
TRANSOCEAN LTD,0,23.14049587,2925,3286771005,#N/A N/A,n/a
RALPH LAUREN CORP,0,19.13875598,4378,7304240974,2.750644145,n/a
ROCKWELL AUTOMATION INC,0,38.84297521,2703.1,12659984911,12.71370253,n/a
ROPER TECHNOLOGIES INC,0,19.00826446,2164.646,16490720869,#N/A N/A,n/a
ROSS STORES INC,0,29.18660287,3103.721,21769021008,#N/A N/A,n/a
RANGE RESOURCES CORP,0,20.33195021,823.018,4645810295,#N/A N/A,n/a
REPUBLIC SERVICES INC,0,25.20661157,3596.4,15243240386,#N/A N/A,n/a
RAYTHEON COMPANY,0,35.12396694,5673,35951519520,#N/A N/A,n/a
STARBUCKS CORP,0,#N/A N/A,11375.2,82566666000,21.27781772,n/a
SCANA CORP,0,17.35849057,2348,9203849455,1.766703824,n/a
SCHWAB (CHARLES) CORP,0,20.1754386,#N/A N/A,30043063144,2.918766609,n/a
SPECTRA ENERGY CORP,0,53.30578512,1433,19128492068,7.127811278,n/a
SEALED AIR CORP,0,22.31404959,2586.6,8536607447,#N/A N/A,n/a
SHERWIN-WILLIAMS CO/THE,0,26.44628099,5559.226,23894247175,#N/A N/A,n/a
SIGNET JEWELERS LTD,0,11.15702479,2074.2,7844238004,4.141928467,n/a
JM SMUCKER CO/THE,0,27.27272727,1968.7,15189139323,#N/A N/A,n/a
SCHLUMBERGER LTD,0,60.33057851,7154,88227981659,5.71248832,n/a
SL GREEN REALTY CORP,0,15.2892562,#N/A N/A,8181974121,#N/A N/A,n/a
SNAP-ON INC,0,23.55371901,1818.5,8133464420,5.696712652,n/a
SANDISK CORP,0,23.55371901,2257.069,13566464758,2.887145931,n/a
SCRIPPS NETWORKS INTER-CL A,0,15.2892562,1886.56,6906607798,#N/A N/A,n/a
SOUTHERN CO/THE,0,29.05660377,12132,43547263609,2.106843634,n/a
SIMON PROPERTY GROUP INC,0,15.2892562,#N/A N/A,56787500222,#N/A N/A,n/a
STAPLES INC,0,44.01913876,5801.036,5354942262,2.246126963,n/a
STERICYCLE INC,0,20.24793388,1267.693,9086572143,#N/A N/A,n/a
SEMPRA ENERGY,0,44.52830189,6281,23200230668,2.23513261,n/a
SUNTRUST BANKS INC,0,17.10526316,#N/A N/A,17087323052,1.172310154,n/a
ST JUDE MEDICAL INC,0,41.32231405,3796,14246078062,#N/A N/A,n/a
STATE STREET CORP,0,59.21052632,#N/A N/A,22062620604,1.993702327,n/a
SEAGATE TECHNOLOGY,0,24.79338843,3809,8857088464,184.4207044,n/a
CONSTELLATION BRANDS INC-A,0,16.52892562,2578.6,27474651029,#N/A N/A,n/a
STANLEY BLACK & DECKER INC,0,25.20661157,4072,13738886664,#N/A N/A,n/a
SKYWORKS SOLUTIONS INC,0,27.68595041,1554.5,11045849892,4.264437572,n/a
SOUTHWESTERN ENERGY CO,0,20.33195021,2021,3433393621,1.266094162,n/a
SYNCHRONY FINANCIAL,0,14.9122807,#N/A N/A,21154162449,1.931121663,n/a
STRYKER CORP,0,16.52892562,6602,36302358791,14.06590108,n/a
SYMANTEC CORP,0,52.47933884,5355,12490061296,7.0524382,n/a
SYSCO CORP,0,21.48760331,8551.516,24396507470,13.59892659,n/a
AT&T INC,0,53.49794239,79755,2.24E+11,#N/A N/A,n/a
MOLSON COORS BREWING CO -B,0,45.04132231,1404,18016829370,51.98458561,n/a
TERADATA CORP,0,31.81818182,1276,3068310000,8.842391814,n/a
TECO ENERGY INC,0,21.13207547,1754.4,6393572057,2.972927858,n/a
TE CONNECTIVITY LTD,0,#N/A N/A,4087,20143734386,8.328545056,n/a
TEGNA INC,0,16.11570248,2959.595,4914925164,#N/A N/A,n/a
TARGET CORP,0,46.41148325,21340,43092810120,#N/A N/A,n/a
TENET HEALTHCARE CORP,0,31.40495868,#N/A N/A,2392060992,#N/A N/A,n/a
TIFFANY & CO,0,48.32535885,2537.175,7914517007,#N/A N/A,n/a
TJX COMPANIES INC,0,28.70813397,8301.885,46780000243,11.67048375,n/a
TORCHMARK CORP,0,16.22807018,#N/A N/A,6181312882,1.719631005,n/a
THERMO FISHER SCIENTIFIC INC,0,19.00826446,8182.7,50477876970,#N/A N/A,n/a
TRIPADVISOR INC,0,12.80991736,1434,8636783210,17.26202879,n/a
T ROWE PRICE GROUP INC,0,#N/A N/A,#N/A N/A,16764506446,4.130357082,n/a
TRAVELERS COS INC/THE,0,17.10526316,#N/A N/A,31707115244,1.610771314,n/a
TRACTOR SUPPLY COMPANY,0,12.91866029,2143.174,11214195391,8.108395422,n/a
TYSON FOODS INC-CL A,0,11.98347107,3917,23767411920,#N/A N/A,n/a
TESORO CORP,0,42.56198347,6245,8556147505,#N/A N/A,n/a
TOTAL SYSTEM SERVICES INC,0,17.3553719,924.36,7245503202,#N/A N/A,n/a
TIME WARNER CABLE,0,16.52892562,17882,52402186116,#N/A N/A,n/a
TIME WARNER INC,0,23.96694215,11964,49775627228,#N/A N/A,n/a
TEXAS INSTRUMENTS INC,0,41.32231405,7560,51877033311,13.07617344,n/a
TEXTRON INC,0,33.88429752,2457,8779346368,2.985157045,n/a
TYCO INTERNATIONAL PLC,0,#N/A N/A,3632,14233212053,#N/A N/A,n/a
UNDER ARMOUR INC-CLASS A,0,12.91866029,1905.547,16464593790,16.34438985,n/a
UNITED CONTINENTAL HOLDINGS,0,45.8677686,#N/A N/A,18469770108,#N/A N/A,n/a
UNIVERSAL HEALTH SERVICES-B,0,11.15702479,#N/A N/A,10286328958,13.78603145,n/a
UNITEDHEALTH GROUP INC,0,17.3553719,37026,1.06E+11,#N/A N/A,n/a
UNUM GROUP,0,25.43859649,#N/A N/A,6120267762,0.718157933,n/a
UNION PACIFIC CORP,0,47.52066116,#N/A N/A,65343187820,3.166801288,n/a
UNITED PARCEL SERVICE-CL B,0,59.91735537,27335,86592832201,#N/A N/A,n/a
URBAN OUTFITTERS INC,0,19.13875598,1174.93,2910739071,#N/A N/A,n/a
UNITED RENTALS INC,0,44.62809917,2480,4134596908,#N/A N/A,n/a
US BANCORP,0,19.73684211,#N/A N/A,68565549994,2.443837435,n/a
UNITED TECHNOLOGIES CORP,0,28.09917355,15667,71891331260,#N/A N/A,n/a
VISA INC-CLASS A SHARES,0,19.83471074,#N/A N/A,1.69E+11,29.86397828,n/a
VARIAN MEDICAL SYSTEMS INC,0,17.3553719,1282.692,7244823671,5.925386909,n/a
VF CORP,0,22.31404959,5993.971,25062710872,20.02003949,n/a
VIACOM INC-CLASS B,0,15.2892562,6400,13178015482,#N/A N/A,n/a
VALERO ENERGY CORP,0,24.79338843,9700,27806823660,#N/A N/A,n/a
VULCAN MATERIALS CO,0,21.48760331,857.533,12268013552,20.69555253,n/a
VORNADO REALTY TRUST,0,28.09917355,#N/A N/A,15296321270,2.962481079,n/a
VERISK ANALYTICS INC,0,21.48760331,1030.128,11531293637,#N/A N/A,n/a
VERISIGN INC,0,15.2892562,866.578,8582706259,#N/A N/A,n/a
VERTEX PHARMACEUTICALS INC,0,17.3553719,906.794,20451049714,27.04659959,n/a
VENTAS INC,0,18.59504132,#N/A N/A,16275887147,1.884460518,n/a
VERIZON COMMUNICATIONS INC,0,37.8600823,79063,2.04E+11,#N/A N/A,n/a
WATERS CORP,0,17.3553719,1199.66,9669809374,6.52068431,n/a
WALGREENS BOOTS ALLIANCE INC,0,27.27272727,26924,83149808817,33.82472624,n/a
WESTERN DIGITAL CORP,0,24.38016529,4221,9562197803,1.466465675,n/a
WEC ENERGY GROUP INC,0,43.77358491,3686,17574153387,3.120789097,n/a
WELLS FARGO & CO,0,17.54385965,#N/A N/A,2.42E+11,1.656993452,n/a
WHOLE FOODS MARKET INC,0,20.66115702,5416,10054423272,4.065183936,n/a
WHIRLPOOL CORP,0,31.81818182,3690,10336522627,#N/A N/A,n/a
WILLIS TOWERS WATSON PLC,0,15.2892562,#N/A N/A,14891112713,#N/A N/A,n/a
WASTE MANAGEMENT INC,0,26.85950413,4994,24101815754,#N/A N/A,n/a
WILLIAMS COS INC,0,16.18257261,1953,10099331007,#N/A N/A,n/a
WAL-MART STORES INC,0,37.79904306,120565,2.12E+11,3.397917482,n/a
WESTROCK CO,0,#N/A N/A,2210.8,7876945113,3.512986226,n/a
WESTERN UNION CO,0,20.24793388,2284.3,8872734518,#N/A N/A,n/a
WEYERHAEUSER CO,0,57.43801653,1388,11536798574,2.38909008,n/a
WYNDHAM WORLDWIDE CORP,0,42.14876033,5297,7379402803,#N/A N/A,n/a
WYNN RESORTS LTD,0,15.2892562,1545.509,7022446920,#N/A N/A,n/a
CIMAREX ENERGY CO,0,17.42738589,914.09,8006363872,2.845457621,n/a
XCEL ENERGY INC,0,44.90566038,6320.523,19701032686,#N/A N/A,n/a
XL GROUP PLC,0,17.54385965,#N/A N/A,10296518911,1.076775361,n/a
XILINX INC,0,21.48760331,1668.521,12176477760,5.025451555,n/a
EXXON MOBIL CORP,0,60.1659751,48349,3.37E+11,#N/A N/A,n/a
DENTSPLY INTERNATIONAL INC,0,16.52892562,1517.2,7668878921,#N/A N/A,n/a
XEROX CORP,0,45.8677686,5263,8878774310,#N/A N/A,n/a
XYLEM INC,0,48.76033058,1404,6643722900,101.6605564,n/a
YAHOO! INC,0,16.52892562,2890.553,25535363094,0.915634648,n/a
YUM! BRANDS INC,0,26.79425837,3504,29039811162,#N/A N/A,n/a
ZIMMER BIOMET HOLDINGS INC,0,15.2892562,4141.2,18485757463,#N/A N/A,n/a
ZIONS BANCORPORATION,0,13.59649123,#N/A N/A,4288141891,0.759602993,n/a
ZOETIS INC,0,11.98347107,3068,20130924360,#N/A N/A,n/a
PURE INDUSTRIAL REAL ESTATE,0,#N/A N/A,#N/A N/A,817562680.3,#N/A N/A,n/a
ADVANTAGE OIL & GAS LTD,0,14.52282158,190.165,1281203685,#N/A N/A,n/a
BARRICK GOLD CORP,0,47.52066116,3409,19748129374,2.231570268,n/a
AIR CANADA,0,#N/A N/A,8494,2120866335,#N/A N/A,n/a
ATCO LTD -CLASS I,0,39.25619835,3749,4329256694,1.541634047,n/a
AUTOCANADA INC,0,#N/A N/A,373.149,479171468.4,#N/A N/A,n/a
ALARIS ROYALTY CORP,0,10.33057851,#N/A N/A,841975801,1.292713955,n/a
AGNICO EAGLE MINES LTD,0,35.95041322,990.137,10764683111,2.257551852,n/a
ALAMOS GOLD INC-CLASS A,0,15.2892562,75.252,1581571856,0.625220224,n/a
AGRIUM INC,0,49.58677686,3888,15802388530,3.360090272,n/a
AIMIA INC,0,23.55371901,678.5,1160299523,#N/A N/A,n/a
ALTAGAS LTD,0,15.2892562,776.9,4480594596,2.26391573,n/a
ALLIED PROPERTIES REAL ESTAT,0,4.132231405,#N/A N/A,2372577723,#N/A N/A,n/a
ALGONQUIN POWER & UTILITIES,0,14.46280992,286.69,2648592322,1.882725305,n/a
AECON GROUP INC,0,11.98347107,257.279,770025359.4,1.313056757,n/a
ARC RESOURCES LTD,0,38.17427386,-184,6322692396,2.019305429,n/a
ALACER GOLD CORP,0,17.3553719,89.326,786784039.2,0.891965784,n/a
ATS AUTOMATION TOOLING SYS,0,11.15702479,245.01,789379694.5,31.04583252,n/a
ALIMENTATION COUCHE-TARD -B,0,19.13875598,5268,31484872271,9.643883079,n/a
ATHABASCA OIL CORP,0,13.2780083,#N/A N/A,452815543,#N/A N/A,n/a
AVIGILON CORP,0,10.33057851,153.708,512280275.6,4.519656057,n/a
ARTIS REAL ESTATE INVESTMENT,0,11.15702479,#N/A N/A,1494316743,#N/A N/A,n/a
AMAYA INC,0,#N/A N/A,#N/A N/A,2441699332,#N/A N/A,n/a
BADGER DAYLIGHTING LTD,0,11.96172249,139.574,855912710.7,3.683737392,n/a
BROOKFIELD ASSET MANAGE-CL A,0,19.00826446,5480,39308188023,2.047984191,n/a
BLACKBERRY LTD,0,26.33744856,1604,4866559116,2.44804084,n/a
BOMBARDIER INC-B,0,43.80165289,2577,1872956771,#N/A N/A,n/a
COTT CORPORATION,0,17.3553719,276.5,1432273715,#N/A N/A,n/a
BCE INC,0,58.43621399,8832,49945765548,#N/A N/A,n/a
BOARDWALK REAL ESTATE INVEST,0,18.18181818,#N/A N/A,2191936349,#N/A N/A,n/a
BROOKFIELD RENEWABLE ENERGY,0,14.46280992,1180,5038791702,#N/A N/A,n/a
PROGRESSIVE WASTE SOLUTIONS,0,16.11570248,762.822,4314071000,36.1924059,n/a
BIRCHCLIFF ENERGY LTD,0,14.10788382,342.17,842260690.7,#N/A N/A,n/a
BANK OF MONTREAL,0,#N/A N/A,#N/A N/A,46249372589,1.655679742,n/a
BONTERRA ENERGY CORP,0,9.543568465,234.706,532946434.8,1.028887883,n/a
BONAVISTA ENERGY CORP,0,14.10788382,637.038,410831302.2,#N/A N/A,n/a
BANK OF NOVA SCOTIA,0,46.92982456,#N/A N/A,65027766789,1.726609026,n/a
BROOKFIELD PROPERTY PARTNERS,0,#N/A N/A,#N/A N/A,6816945521,0.745121906,n/a
BAYTEX ENERGY CORP,0,16.59751037,524.917,523557965.1,0.190900085,n/a
B2GOLD CORP,0,9.917355372,110.329,1316444279,#N/A N/A,n/a
BOYD GROUP INCOME FUND,0,#N/A N/A,389.554,1015164557,#N/A N/A,n/a
CAE INC,0,30.5785124,603.7,3697906946,3.824893353,n/a
CAN APARTMENT PROP REAL ESTA,0,16.52892562,#N/A N/A,3584382350,#N/A N/A,n/a
COGECO COMMUNICATIONS INC,0,44.62809917,#N/A N/A,3046495072,#N/A N/A,n/a
CCL INDUSTRIES INC - CL B,0,15.2892562,694.131,6541670901,11.0241235,n/a
CAMECO CORP,0,37.60330579,697.045,6273311474,1.177005834,n/a
CANADIAN ENERGY SERVICES & T,0,11.15702479,265.491,696862125.6,4.34855059,n/a
CANACCORD GENUITY GROUP INC,0,10.33057851,#N/A N/A,402121161,1.685922474,n/a
CANFOR CORP,0,26.85950413,597.1,1762316286,2.798128288,n/a
CENTERRA GOLD INC,0,16.52892562,258.383,1661361562,0.832571673,n/a
CINEPLEX INC,0,15.2892562,901.31,3068378257,#N/A N/A,n/a
CHEMTRADE LOGISTICS INCOM FD,0,#N/A N/A,135.268,1096494589,#N/A N/A,n/a
COLLIERS INTERNATIONAL GROUP,0,14.87603306,677.552,1751561382,#N/A N/A,n/a
CI FINANCIAL CORP,0,16.22807018,#N/A N/A,7876772950,#N/A N/A,n/a
CORUS ENTERTAINMENT INC-B SH,0,#N/A N/A,277.187,811075622.6,#N/A N/A,n/a
CELESTICA INC,0,39.25619835,391.1,1845870612,1.27575194,n/a
CAN IMPERIAL BK OF COMMERCE,0,36.40350877,#N/A N/A,34604731468,1.961113535,n/a
COMPUTER MODELLING GROUP LTD,0,11.15702479,#N/A N/A,658979072.6,#N/A N/A,n/a
CANADIAN NATURAL RESOURCES,0,43.15352697,10616,30377031839,#N/A N/A,n/a
CANADIAN NATL RAILWAY CO,0,42.14876033,#N/A N/A,60364662191,4.049485094,n/a
CANADIAN OIL SANDS LTD,0,17.84232365,998,4216144628,#N/A N/A,n/a
CANADIAN PACIFIC RAILWAY LTD,0,19.83471074,#N/A N/A,26263387061,5.729908621,n/a
CRESCENT POINT ENERGY CORP,0,16.59751037,2589.788,7286225470,0.704757178,n/a
CAPITAL POWER CORP,0,39.66942149,717,1670064307,0.876660822,n/a
CREW ENERGY INC,0,16.18257261,#N/A N/A,428842369.8,#N/A N/A,n/a
CROMBIE REAL ESTATE INVESTME,0,17.76859504,#N/A N/A,1645882680,1.534772111,n/a
CHARTWELL RETIREMENT RESIDEN,0,15.2892562,#N/A N/A,2110874140,3.086250396,n/a
CONSTELLATION SOFTWARE INC,0,9.917355372,1437.621,10177020367,#N/A N/A,n/a
CANADIAN TIRE CORP-CLASS A,0,20.66115702,4046,8540888542,2.295916754,n/a
CANADIAN UTILITIES LTD-A,0,15.2892562,2796,9013896507,2.234297779,n/a
COMINAR REAL ESTATE INV-TR U,0,12.80991736,#N/A N/A,2479942508,0.70724867,n/a
CENOVUS ENERGY INC,0,46.8879668,3576,12089647566,0.99522908,n/a
CANADIAN WESTERN BANK,0,19.29824561,#N/A N/A,1682204079,1.028218755,n/a
CONCORDIA HEALTHCARE CORP,0,#N/A N/A,104.202,1858745771,#N/A N/A,n/a
DOMINION DIAMOND CORP,0,25.61983471,230.068,1332245092,#N/A N/A,n/a
DETOUR GOLD CORP,0,28.09917355,-5.585,3644765695,#N/A N/A,n/a
DH CORP,0,11.15702479,#N/A N/A,3250782963,#N/A N/A,n/a
DHX MEDIA LTD,0,#N/A N/A,133.911,839428925.6,#N/A N/A,n/a
DOREL INDUSTRIES-CL B,0,16.94214876,605.324,931597990.7,4.838223846,n/a
DOLLARAMA INC,0,25.35885167,859.548,8837149378,#N/A N/A,n/a
BRP INC/CA- SUB VOTING,0,#N/A N/A,845.6,1685538374,#N/A N/A,n/a
DREAM GLOBAL REAL ESTATE INV,0,11.15702479,#N/A N/A,841593507.2,#N/A N/A,n/a
DESCARTES SYSTEMS GRP/THE,0,11.15702479,115.981,1621267938,16.4992181,n/a
DREAM OFFICE REAL ESTATE INV,0,29.33884298,#N/A N/A,1652118890,0.46492408,n/a
ENCANA CORP,0,47.30290456,2710,4172508038,0.767258865,n/a
ENERCARE INC,0,25.61983471,245.553,1344739874,#N/A N/A,n/a
ELEMENT FINANCIAL CORP,0,10.52631579,#N/A N/A,4822820530,1.790530037,n/a
ENERFLEX LTD,0,11.15702479,322.95,858847938.2,2.40840321,n/a
ELDORADO GOLD CORP,0,32.6446281,368.923,3117154033,0.50717874,n/a
EMERA INC,0,19.83471074,1620.8,6333436935,2.462873785,n/a
EMPIRE CO LTD 'A',0,23.92344498,5962.1,6866522056,5.407807936,n/a
ENBRIDGE INC,0,39.25619835,8158,38287756306,3.774707546,n/a
ENBRIDGE INCOME FUND HOLDING,0,11.2033195,0,2592977817,#N/A N/A,n/a
ENERPLUS CORP,0,42.32365145,1076.415,824092445.4,0.970519788,n/a
ENSIGN ENERGY SERVICES INC,0,12.80991736,635.37,824994111.5,#N/A N/A,n/a
ENGHOUSE SYSTEMS LTD,0,#N/A N/A,190.609,1393892029,27.37790948,n/a
EXTENDICARE INC,0,15.2892562,108.023,752880171,10.09973623,n/a
FIRST CAPITAL REALTY INC,0,41.73553719,#N/A N/A,4310019943,#N/A N/A,n/a
FAIRFAX FINANCIAL HLDGS LTD,0,14.9122807,#N/A N/A,17998970704,2.164239634,n/a
FIRST QUANTUM MINERALS LTD,0,28.51239669,997.8,2267899260,0.178270443,n/a
FRANCO-NEVADA CORP,0,16.11570248,369.5,11920459002,#N/A N/A,n/a
FIRST MAJESTIC SILVER CORP,0,15.2892562,90.63,931600608.2,#N/A N/A,n/a
FREEHOLD ROYALTIES LTD,0,14.10788382,175.192,986759350.4,#N/A N/A,n/a
FIRSTSERVICE CORP,0,#N/A N/A,#N/A N/A,1766317567,#N/A N/A,n/a
FORTIS INC,0,22.31404959,3204,10192566808,3.173310433,n/a
FINNING INTERNATIONAL INC,0,19.4214876,2061.894,2875017733,1.369748808,n/a
GOLDCORP INC,0,54.1322314,1357,18026622436,0.783940649,n/a
GREAT CANADIAN GAMING CORP,0,11.15702479,#N/A N/A,1067125969,3.604791999,n/a
GIBSON ENERGY INC,0,11.15702479,274.126,1847883566,5.000122734,n/a
CGI GROUP INC - CLASS A,0,#N/A N/A,1468.041,17291373019,#N/A N/A,n/a
GILDAN ACTIVEWEAR INC,0,49.17355372,658.683,7971144932,3.597149598,n/a
GRANITE REAL ESTATE INVESTME,0,11.15702479,199.913,1745619275,#N/A N/A,n/a
GRAN TIERRA ENERGY INC,0,11.2033195,-5.554,839189710.7,0.615232074,n/a
GREAT-WEST LIFECO INC,0,20.1754386,#N/A N/A,33120320098,3.303876593,n/a
HUDSON'S BAY CO,0,38.01652893,3276,2727858015,3.815185918,n/a
HUDBAY MINERALS INC,0,47.9338843,140.7662601,639830191.4,0.252352257,n/a
HOME CAPITAL GROUP INC,0,17.54385965,#N/A N/A,1914951142,1.280715064,n/a
H&R REAL ESTATE INV-REIT UTS,0,11.98347107,#N/A N/A,5167195073,#N/A N/A,n/a
HUSKY ENERGY INC,0,33.60995851,6564,12196130989,0.799375626,n/a
INDUSTRIAL ALLIANCE INSURANC,0,19.29824561,#N/A N/A,3735802335,1.330888698,n/a
INTACT FINANCIAL CORP,0,16.66666667,#N/A N/A,11208790448,4.023255681,n/a
INTERFOR CORP,0,11.98347107,203.693,712209727.4,1.324026481,n/a
IGM FINANCIAL INC,0,45.1754386,#N/A N/A,8055977622,9.919683323,n/a
IAMGOLD CORP,0,52.0661157,115,1317941945,#N/A N/A,n/a
IMPERIAL OIL LTD,0,52.28215768,6528,34870223313,1.525369222,n/a
INNERGEX RENEWABLE ENERGY,0,11.98347107,#N/A N/A,1264933200,#N/A N/A,n/a
INTER PIPELINE LTD,0,16.52892562,890.95,6980854025,3.162867262,n/a
INTERTAIN GROUP LTD/THE,0,#N/A N/A,#N/A N/A,552810120.8,#N/A N/A,n/a
INTERTAPE POLYMER GROUP INC,0,10.33057851,163.633,954520794.5,3.604863842,n/a
JUST ENERGY GROUP INC,0,13.63636364,600.069,1147158581,#N/A N/A,n/a
KINROSS GOLD CORP,0,44.62809917,-379.3,4781072584,0.926189989,n/a
KELT EXPLORATION LTD,0,#N/A N/A,45.939,519498518,0.563559249,n/a
KEYERA CORP,0,18.18181818,573.02,5817943897,4.402208337,n/a
KINAXIS INC,0,#N/A N/A,49.309,817093333.8,#N/A N/A,n/a
LOBLAW COMPANIES LTD,0,33.49282297,10548,26185756385,58.01957569,n/a
LAURENTIAN BANK OF CANADA,0,26.31578947,#N/A N/A,1384478219,1.117562522,n/a
LABRADOR IRON ORE ROYALTY CO,0,9.504132231,93.955799,604800000,#N/A N/A,n/a
LINAMAR CORP,0,19.83471074,664.384,3321492589,1.591035494,n/a
LUNDIN MINING CORP,0,53.30578512,122.87,2482717832,0.452171263,n/a
MANITOBA TELECOM SVCS INC,0,24.69135802,#N/A N/A,2540362131,4.034241815,n/a
MACDONALD DETTWILER & ASSOC,0,14.04958678,361.14,3011629650,#N/A N/A,n/a
MEG ENERGY CORP,0,17.42738589,2478.43,832488859.3,0.214916802,n/a
MANULIFE FINANCIAL CORP,0,32.89473684,#N/A N/A,32161824862,1.244477299,n/a
MAPLE LEAF FOODS INC,0,32.23140496,218.277,3056432247,2.045188108,n/a
MAGNA INTERNATIONAL INC,0,19.83471074,5018,18435768332,1.788066522,n/a
GENWORTH MI CANADA INC,0,13.59649123,#N/A N/A,2204918903,0.648574817,n/a
MITEL NETWORKS CORP,0,#N/A N/A,590.1,1093611546,#N/A Field Not Applicable,
MARTINREA INTERNATIONAL INC,0,11.15702479,347.892,704817282.7,1.085931088,n/a
METRO INC,0,#N/A N/A,857.8,9656675172,36.11315632,n/a
MULLEN GROUP LTD,0,14.04958678,370.347,1236507780,2.85996276,n/a
METHANEX CORP,0,26.03305785,367.703,3249684216,#N/A N/A,n/a
NATIONAL BANK OF CANADA,0,#N/A N/A,#N/A N/A,12405754548,1.724381459,n/a
NORBORD INC,0,15.2892562,133,1769315380,2.548518213,n/a
NEW FLYER INDUSTRIES INC,0,#N/A N/A,138.283,1352234957,#N/A N/A,n/a
NOVAGOLD RESOURCES INC,0,19.4214876,0,2136276717,4.66248783,n/a
NEW GOLD INC,0,42.56198347,#N/A N/A,2083728795,#N/A N/A,n/a
NORTHLAND POWER INC,0,13.2231405,469.379,3080757758,10.54010193,n/a
NEVSUN RESOURCES LTD,0,38.01652893,529.94,833088725.7,#N/A N/A,n/a
NUVISTA ENERGY LTD,0,15.3526971,151.153,623969388.2,#N/A N/A,n/a
NORTHVIEW APARTMENT REAL EST,0,11.15702479,#N/A N/A,732464118.8,0.620693771,n/a
NORTH WEST CO INC/THE,0,16.74641148,464.218,1513163995,5.313966781,n/a
ONEX CORPORATION,0,14.87603306,5585,8312645873,#N/A N/A,n/a
OCEANAGOLD CORP,0,29.75206612,273.44,2310915568,#N/A N/A,n/a
OSISKO GOLD ROYALTIES LTD,0,#N/A N/A,#N/A N/A,1365710363,1.611324197,n/a
OPEN TEXT CORP,0,16.52892562,1331.134,8044159955,#N/A N/A,n/a
PRIMERO MINING CORP,0,40.90909091,52.663,384194788.4,#N/A N/A,n/a
PAN AMERICAN SILVER CORP,0,42.56198347,8.073,1863613416,0.937660351,n/a
PRECISION DRILLING CORP,0,17.3553719,631.284,1159931876,0.607495328,n/a
PEYTO EXPLORATION & DEV CORP,0,16.18257261,411.25,4693665439,#N/A N/A,n/a
PENGROWTH ENERGY CORP,0,14.10788382,686,564753874.9,0.267554624,n/a
JEAN COUTU GROUP INC-CLASS A,0,20.57416268,616.7,3676289112,4.121907413,n/a
PARKLAND FUEL CORP,0,9.917355372,538.037,1902475066,49.53567303,n/a
PROMETIC LIFE SCIENCES INC,0,#N/A N/A,15.995,1198777588,#N/A N/A,n/a
POTASH CORP OF SASKATCHEWAN,0,54.95867769,2269,17876863027,1.575777681,n/a
PARAMOUNT RESOURCES LTD -A,0,11.2033195,225.278,473803617.7,0.422941165,n/a
POWER CORP OF CANADA,0,16.22807018,#N/A N/A,12722433167,#N/A N/A,n/a
PEMBINA PIPELINE CORP,0,22.31404959,852,11186994030,3.734050975,n/a
PERFORMANCE SPORTS GROUP LTD,0,11.15702479,206.387,497420047.7,#N/A N/A,n/a
PASON SYSTEMS INC,0,15.2892562,323.878,1356784309,3.097264922,n/a
PRAIRIESKY ROYALTY LTD,0,#N/A N/A,#N/A N/A,4395529950,4.032602861,n/a
PRETIUM RESOURCES INC,0,11.15702479,0,1048844568,#N/A N/A,n/a
POWER FINANCIAL CORP,0,11.84210526,#N/A N/A,21306763453,18.07836734,n/a
PENN WEST PETROLEUM LTD,0,12.86307054,1243,572466005.8,0.148461099,n/a
PAREX RESOURCES INC,0,11.15702479,570.921,1364918611,1.470211299,n/a
QUEBECOR INC  -CL B,0,21.48760331,1398.9,4121481667,#N/A N/A,n/a
RESTAURANT BRANDS INTERN,0,#N/A N/A,1044.8,20355159850,#N/A N/A,n/a
RITCHIE BROS AUCTIONEERS,0,19.00826446,423.213,3366094758,4.187930358,n/a
ROGERS COMMUNICATIONS INC-B,0,51.85185185,4977,24533248779,#N/A N/A,n/a
CAN REAL ESTATE INVEST TRUST,0,15.2892562,#N/A N/A,2846169397,0.867244783,n/a
RIOCAN REAL ESTATE INVST TR,0,21.07438017,#N/A N/A,7848900131,#N/A N/A,n/a
RONA INC,0,25.35885167,1066.712,2504772458,2.604970059,n/a
RAGING RIVER EXPLORATION INC,0,11.15702479,208.733,1865298666,#N/A N/A,n/a
RUSSEL METALS INC,0,15.2892562,703.3,955772654.4,1.203725697,n/a
ROYAL BANK OF CANADA,0,47.36842105,#N/A N/A,1.01E+11,2.182492711,n/a
SAPUTO INC,0,18.59504132,1061.723,14531618044,11.26792401,n/a
SHAWCOR LTD,0,17.3553719,723.71,1769819286,4.277963031,n/a
SECURE ENERGY SERVICES INC,0,16.94214876,195.473,862052875,1.150656623,n/a
SURGE ENERGY INC,0,10.37344398,275.462,437645118.2,#N/A N/A,n/a
STELLA-JONES INC,0,10.33057851,224.176,3135379095,6.04872135,n/a
SHAW COMMUNICATIONS INC-B,0,17.76859504,2379,11000077132,#N/A N/A,n/a
SUN LIFE FINANCIAL INC,0,35.0877193,#N/A N/A,23795135523,1.849081316,n/a
SILVER WHEATON CORP,0,15.2892562,308.899,8545426225,#N/A N/A,n/a
SEMAFO INC,0,22.31404959,#N/A N/A,1230261939,1.551009704,n/a
SNC-LAVALIN GROUP INC,0,22.72727273,1340.829,6010331298,29.05441798,n/a
SUPERIOR PLUS CORP,0,16.11570248,922.1,1324151719,3.577679885,n/a
SMART REAL ESTATE INVESTMENT,0,15.2892562,#N/A N/A,4215854229,1.257934002,n/a
SILVER STANDARD RESOURCES,0,15.2892562,36.2,676517671.1,#N/A N/A,n/a
STANTEC INC,0,45.04132231,1138.393,2929401556,11.57406614,n/a
SUNCOR ENERGY INC,0,63.48547718,16533,44204637372,1.229271885,n/a
SIERRA WIRELESS INC,0,11.11111111,193.855,463392090.3,2.845666115,n/a
TELUS CORP,0,49.38271605,6970,23445470246,#N/A N/A,n/a
TRANSALTA CORP,0,54.1322314,1531,1386199063,0.81507621,n/a
TECK RESOURCES LTD-CLS B,0,50.41322314,1279,3730473752,0.24289084,n/a
TRANSCONTINENTAL INC-CL A,0,#N/A N/A,#N/A N/A,1405068882,4.732528725,n/a
TRICON CAPITAL GROUP INC,0,#N/A N/A,#N/A N/A,871654480.8,1.367258275,n/a
TORONTO-DOMINION BANK,0,60.96491228,#N/A N/A,94296665935,2.157710468,n/a
TRINIDAD DRILLING LTD,0,14.04958678,315.159,337572650.4,0.237435939,n/a
TRANSFORCE INC,0,17.76859504,1509.484,1984174889,#N/A N/A,n/a
TAHOE RESOURCES INC,0,16.52892562,158.799,2691702354,1.130953301,n/a
TOROMONT INDUSTRIES LTD,0,19.4214876,445.603,2224990248,2.976220109,n/a
TORC OIL & GAS LTD,0,10.37344398,204.669,846520122,#N/A N/A,n/a
TOURMALINE OIL CORP,0,15.70247934,#N/A N/A,5641852728,#N/A N/A,n/a
THOMSON REUTERS CORP,0,31.40495868,#N/A N/A,37816861973,#N/A N/A,n/a
TRANSCANADA CORP,0,29.75206612,7533,34189201911,3.840572571,n/a
TURQUOISE HILL RESOURCES LTD,0,15.2892562,372.064,5413125922,#N/A N/A,n/a
TOREX GOLD RESOURCES INC,0,11.98347107,0,1264569538,#N/A N/A,n/a
UNI-SELECT INC,0,#N/A N/A,315.2673978,1245329333,5.79964689,n/a
VERMILION ENERGY INC,0,50.20746888,1036.96,3766273002,#N/A N/A,n/a
SEVEN GENERATIONS ENERGY - A,0,9.543568465,#N/A N/A,3765340224,2.076412739,n/a
VALEANT PHARMACEUTICALS INTE,0,15.2892562,6008.9,41860722195,#N/A N/A,n/a
VERESEN INC,0,16.52892562,161.1,2012135326,0.849655648,n/a
WHITECAP RESOURCES INC,0,15.3526971,291.822,1911910758,0.756160472,n/a
WESTERN FOREST PRODUCTS INC,0,#N/A N/A,109.6,758871181.4,2.37558899,n/a
WEST FRASER TIMBER CO LTD,0,25.20661157,599,3378245140,1.900025445,n/a
WESTJET AIRLINES LTD,0,39.66942149,2477.933,1844999105,0.972908381,n/a
WESTON (GEORGE) LTD,0,14.04958678,11191,13140364935,#N/A N/A,n/a
WSP GLOBAL INC,0,41.32231405,2349.9,3617875988,16.73648177,n/a
WESTSHORE TERMINALS INVESTME,0,9.090909091,178.578,1021680220,7.043628163,n/a
TMX GROUP LTD,0,11.15702479,#N/A N/A,2048412248,#N/A N/A,n/a
YAMANA GOLD INC,0,47.9338843,789.295,3513513866,0.404290254,n/a
